{
  "drive": {
    "p": 0.020645,
    "i": 0,
    "d": 0,
    "f": 0.2,
    "iz": 0
  },
  "angle": {
    "p": 0.000020645,
    "i": 0,
    "d": 0,
    "f": 0.002,
    "iz": 0
  }
}